{"look_down": [90024.628225023], "look_up": [90022.183968839], "stare": [[90023.433872088, 90023.531087726], [90023.544974602, 90023.697741494], [90023.711628366, 90023.836618639], [90023.850507393, 90023.961609958], [90024.169926159, 90024.308804364], [90024.364355618, 90024.531010326], [90024.544897201, 90024.600449339], [90026.475300285, 90026.530851537], [90026.600290609, 90026.669729609], [90026.753056559, 90026.822495631], [90026.836383442, 90026.919710329], [90026.933598139, 90026.989149399], [90027.183578793, 90027.364120374], [90027.641876651, 90027.697427903], [90028.350155159, 90028.419594229], [90028.433482042, 90028.489033312], [90028.516808926, 90028.600135808], [90029.294524348, 90029.377851232], [90029.405626859, 90029.48895374], [90029.655607581, 90029.711158817], [90029.725046632, 90029.850036956], [90030.100017606, 90030.280559186], [90030.447212955, 90030.50276414], [90030.613866719, 90030.697193603], [90031.030501068, 90031.099940205], [90031.169379274, 90031.252706159], [90031.683224064, 90031.863765662], [90031.877653472, 90031.97486817], [90031.988755988, 90032.058194985], [90032.405386095, 90032.46093728], [90032.488712907, 90032.544264234], [90032.558152048, 90032.710918001], [90033.252542742, 90033.335869607], [90033.460860003, 90033.530299072], [90033.794167536, 90033.87749442], [90033.891382233, 90033.974709115], [90033.988596931, 90034.127475069], [90034.141362883, 90034.196914136], [90035.363488279, 90035.530142112], [90035.641244626, 90035.72457151], [90035.738459321, 90035.807898389], [90035.821786206, 90035.919000903], [90036.335635338, 90036.446735677], [90037.127238558, 90037.238341122], [90037.252228865, 90037.321668004], [90037.752190253, 90037.807741509], [90037.849404932, 90037.932731815], [90037.94661963, 90038.016058696], [90038.738224951, 90038.863215276], [90039.127083792, 90039.238186338], [90039.279849692, 90039.404840088], [90039.446503528, 90039.599269482], [90039.988128199, 90040.043679524], [90040.779731526, 90040.904721832], [90041.36301976, 90041.585227857], [90041.77965631, 90041.835207568], [90042.974008307, 90043.182325446], [90043.279540213, 90043.460081812], [90044.14058467, 90044.196135929], [90044.460004392, 90044.529444398], [90045.737683305, 90045.793234575], [90046.070990785, 90046.126542111], [90046.459849643, 90046.640393378], [90046.973700911, 90047.029252168], [90047.070915606, 90047.140354677], [90047.182018116, 90047.237569375], [90047.251457189, 90047.307008374], [90047.348671816, 90047.404223073], [90048.029176852, 90048.112503823], [90048.390261025, 90048.459699152], [90048.779116767, 90048.834668023], [90048.848555767, 90049.029097365], [90049.056873061, 90049.140199927], [90049.154087743, 90049.209638997], [90049.515170905, 90049.570724264], [90050.501207843, 90050.570646915], [90050.584534658, 90050.751188514], [90052.126079913, 90052.237182425], [90052.445499631, 90052.528826565], [90052.542714383, 90052.709368131], [90053.97315921, 90054.042598283], [90054.181476418, 90054.292578933], [90054.306466746, 90054.403681443], [90054.50089607, 90054.556447397], [90054.62588743, 90054.820316825], [90054.834203671, 90054.973081813]]}