{"IMUTime": [90027.0047308452, 90028.46773864134, 90029.94783029387, 90031.13781605673, 90031.859321591, 90032.56034485705, 90033.80692929956, 90035.64031876797, 90036.38424105512, 90037.21590701201, 90037.8845873896, 90039.22279715938, 90040.0089599765, 90040.835282758, 90041.5338414663, 90043.2066292545, 90044.34272962244, 90045.92516891801, 90046.54317817508, 90047.18334076778, 90048.22486892337, 90048.98383349746, 90049.53600421075, 90050.62211351442, 90052.45030702035, 90054.52838263562], "Head_Z_direction": [[0.15210703658536587, 0.500204568292683, 0.8524174268292681], [0.1026446266666667, 0.50480578, 0.8571074066666667], [0.059887946458333334, 0.5034536354166669, 0.8618918895833335], [0.024408277272727274, 0.5037988545454545, 0.863475918181818], [-0.0035197476399999998, 0.504490784, 0.8634091400000001], [-0.02938283631578947, 0.5046699, 0.8628094684210528], [-0.07953716432432434, 0.5077724486486487, 0.8577672513513513], [0.20138383000000004, 0.52244665, 0.8285445766666668], [0.17214217500000004, 0.52782865, 0.8317234250000001], [0.12848288461538462, 0.5292396923076923, 0.8386868692307693], [0.09906649466666667, 0.52819064, 0.8433231333333333], [0.04473180189189191, 0.5286006918918918, 0.8476465783783781], [0.013480342499999999, 0.529985725, 0.84789925], [-0.03055533, 0.5333914777777777, 0.8453163444444444], [-0.058683754499999984, 0.535452125, 0.8425122949999999], [0.20649719285714288, 0.5498381535714285, 0.8093420714285715], [0.1639397111111111, 0.5522896444444445, 0.8173244], [0.09221108125, 0.5492897875, 0.8304964250000002], [0.07006160769230768, 0.5507710384615385, 0.8317097384615384], [0.04818862571428571, 0.5526733380952381, 0.831993], [0.00838634572727273, 0.5538714818181819, 0.8325382454545455], [-0.020783346666666664, 0.5574904037037037, 0.8299171925925926], [-0.040492705, 0.5553569, 0.830625575], [-0.0910296894117647, 0.5594132529411765, 0.823873905882353], [0.04978495384615384, 0.582140826923077, 0.8115505846153845], [-0.12038277291666664, 0.5247384520833334, 0.8427007020833334]], "Head_position": [[-0.08098134414634146, 1.1082073902439022, -0.0887285968292683], [-0.06741201133333334, 1.1072593333333336, -0.08487596733333333], [-0.053897881458333345, 1.107655979166667, -0.08050326979166665], [-0.039818804545454535, 1.1068756363636363, -0.07813516818181819], [-0.033661588400000005, 1.10695092, -0.0783502588], [-0.026957337368421055, 1.1068606842105264, -0.07594889736842107], [-0.015722213783783783, 1.1059181351351348, -0.07470505270270271], [-0.066153001, 1.1023409666666666, -0.06325785399999999], [-0.05917296, 1.101265875, -0.063946065], [-0.05162739538461539, 1.100803076923077, -0.06670437846153845], [-0.04565928133333333, 1.1013971333333332, -0.06717744866666668], [-0.036304213513513525, 1.10060172972973, -0.07085324540540543], [-0.030592679999999997, 1.10010125, -0.0718297375], [-0.021884044444444445, 1.0988026666666666, -0.0736488922222222], [-0.016804172000000003, 1.09869865, -0.0716299755], [-0.06973509892857142, 1.0959648214285715, -0.06008520928571429], [-0.0600315511111111, 1.0957119999999998, -0.06138356444444445], [-0.050153605000000004, 1.096940875, -0.06408805625], [-0.04580204846153846, 1.096609076923077, -0.06370985615384615], [-0.04049943714285715, 1.0959180476190475, -0.06354129095238095], [-0.03476193272727273, 1.0959816363636365, -0.06622294727272728], [-0.029412559999999994, 1.0950945555555558, -0.06792718481481483], [-0.0265274375, 1.0958495, -0.06769966250000001], [-0.016713834117647063, 1.0958631176470588, -0.0687100405882353], [-0.04448020769230769, 1.091431153846154, -0.06374176115384617], [-0.006663719604166669, 1.1052295416666673, -0.05079865895833335]], "Head_orientation": [[0.25921350487804873, -0.08115154414634144, -0.007891583926829268, -0.9623636902439024], [0.26200213999999994, -0.05292239333333333, 0.0012438972666666667, -0.9636139066666665], [0.26122529166666664, -0.027896369375000004, 0.01158938310416667, -0.9647750458333332], [0.26121237272727266, -0.005485432, 0.02645801, -0.9649026181818182], [0.26110974800000003, 0.010796011879999998, 0.033146044, -0.9646789879999998], [0.2606718947368421, 0.025366720526315792, 0.0374830847368421, -0.9643643421052632], [0.26112479189189197, 0.053907708108108104, 0.04643300162162163, -0.9626656162162162], [0.27241923666666673, -0.10730015999999999, -0.006984607800000001, -0.9561502933333336], [0.27568848749999997, -0.09018869374999999, -0.0008710456250000001, -0.9570060874999999], [0.27658051538461537, -0.06449174923076922, 0.008705539307692307, -0.9587844692307692], [0.2758209866666667, -0.047523852, 0.014189445333333332, -0.9599266466666667], [0.275501472972973, -0.015787780297297296, 0.026124741081081083, -0.9607997648648645], [0.275758475, 0.0027409565, 0.033990515, -0.960621825], [0.2765155777777778, 0.029679875555555554, 0.04772278333333334, -0.9593647000000001], [0.27691348000000005, 0.04535371599999999, 0.05101443, -0.9584638649999999], [0.28842744285714295, -0.1101707035714286, -0.0053325715714285715, -0.9511267785714285], [0.29007569999999994, -0.08465615444444445, 0.004394862555555556, -0.9532259222222221], [0.287985625, -0.042431373749999994, 0.019172097500000002, -0.9564937875], [0.28858435384615383, -0.02938708307692308, 0.02396591307692308, -0.9567028769230769], [0.28937597142857147, -0.016070298095238095, 0.03013571142857143, -0.9566015380952381], [0.2892533909090909, 0.0072109111818181824, 0.038339382727272726, -0.9564510545454545], [0.29059279629629625, 0.02435621481481482, 0.044322614444444436, -0.9555063777777778], [0.28884109999999996, 0.035467375, 0.047239145, -0.95555285], [0.2894456470588236, 0.06544783705882352, 0.058275737647058824, -0.9531736058823529], [0.3064991461538461, -0.01663480884615385, 0.029584580384615387, -0.9512621230769229], [0.26884469999999994, 0.07980921229166665, 0.06048540874999999, -0.9579611999999998]]}