{"IMUTime": [90023.225553957, 90023.239441751, 90023.253329567, 90023.267217382, 90023.281105196, 90023.294993005, 90023.308881762, 90023.322768638, 90023.336657393, 90023.350545206, 90023.364432078, 90023.378320833, 90023.392207707, 90023.406096461, 90023.419983334, 90023.433872088, 90023.447759903, 90023.461646776, 90023.47553553, 90023.489422403, 90023.503310218, 90023.517198971, 90023.531087726, 90023.544974602, 90023.558863354, 90023.572750231, 90023.586638985, 90023.600525856, 90023.61441367, 90023.628302423, 90023.642189299, 90023.656078053, 90023.669964926, 90023.683853681, 90023.697741494, 90023.711628366, 90023.725517123, 90023.739403995, 90023.75329275, 90023.767179621, 90023.781068377, 90023.794956185, 90023.808842999, 90023.822731749, 90023.836618639, 90023.850507393, 90023.864395288, 90023.878282134, 90023.89217089, 90023.906057761, 90023.919946518, 90023.93383339, 90023.947721204, 90023.961609958, 90023.97549683, 90023.989385585, 90024.00327246, 90024.017161215, 90024.03104902, 90024.044935901, 90024.058824655, 90024.072711529, 90024.086600284, 90024.100487091, 90024.114374912, 90024.128263667, 90024.142150607, 90024.156039365, 90024.169926159, 90024.18381491, 90024.197702826, 90024.211589665, 90024.225478422, 90024.239365293, 90024.253254048, 90024.267140922, 90024.281029677, 90024.294915609, 90024.308804364, 90024.322692178, 90024.336579992, 90024.350467802, 90024.364355618, 90024.378243433, 90024.392132187, 90024.406019059, 90024.419907815, 90024.433794689, 90024.447683443, 90024.461571259, 90024.475458066, 90024.489345967, 90024.503233757, 90024.517122511, 90024.531010326, 90024.544897201, 90024.558785955, 90024.572672762, 90024.586561511, 90024.600449339, 90024.614337239], "Head_Z_direction": [[0.04845576, -0.03788147, 0.9981067], [0.04843814, -0.03875969, 0.9980739], [0.04824322, -0.04000485, 0.9980342], [0.04835947, -0.04139774, 0.9979717], [0.04872085, -0.04232666, 0.9979152], [0.04875837, -0.04332978, 0.9978703], [0.04849864, -0.04431334, 0.9978397], [0.04838473, -0.04520714, 0.9978052], [0.0482426, -0.046025, 0.9977747], [0.04808582, -0.04674875, 0.9977486], [0.04818587, -0.04754914, 0.997706], [0.04798752, -0.04800314, 0.9976938], [0.04761204, -0.04847297, 0.9976891], [0.04732404, -0.04875817, 0.9976889], [0.04722276, -0.049165, 0.9976737], [0.04699858, -0.04977544, 0.997654], [0.04677926, -0.04999593, 0.9976533], [0.04658075, -0.05011581, 0.9976566], [0.04648625, -0.05044177, 0.9976445], [0.04666673, -0.05063238, 0.9976265], [0.04658467, -0.05100948, 0.9976111], [0.04670208, -0.05128397, 0.9975916], [0.04640259, -0.05130833, 0.9976043], [0.04578292, -0.05117299, 0.9976398], [0.04542467, -0.05116373, 0.9976567], [0.04524609, -0.05139811, 0.9976528], [0.04543469, -0.05137398, 0.9976454], [0.04536974, -0.05170573, 0.9976313], [0.04534753, -0.05147886, 0.997644], [0.04516973, -0.0511865, 0.9976671], [0.04466758, -0.05130498, 0.9976836], [0.04430437, -0.05159034, 0.9976851], [0.0442755, -0.05155166, 0.9976884], [0.04468555, -0.05162676, 0.9976662], [0.04507475, -0.05123112, 0.9976691], [0.04519278, -0.05052226, 0.9976999], [0.04507063, -0.05014848, 0.9977243], [0.0450764, -0.05055865, 0.9977033], [0.04496351, -0.05035485, 0.9977188], [0.04492962, -0.05062789, 0.9977064], [0.04503475, -0.05078544, 0.9976937], [0.0452292, -0.05077284, 0.9976856], [0.0454047, -0.05072591, 0.9976799], [0.0454581, -0.05070646, 0.9976785], [0.04548582, -0.05052518, 0.9976864], [0.04541448, -0.04990807, 0.9977208], [0.04504624, -0.04967835, 0.9977489], [0.04513822, -0.04962806, 0.9977472], [0.04552883, -0.04983315, 0.9977193], [0.04558693, -0.04972612, 0.997722], [0.04535514, -0.05006111, 0.9977158], [0.0453103, -0.05022201, 0.9977098], [0.04530919, -0.05025707, 0.997708], [0.04550792, -0.04994683, 0.9977146], [0.04569945, -0.04921374, 0.9977422], [0.04581763, -0.04825958, 0.9977834], [0.04540674, -0.04793808, 0.9978177], [0.04505045, -0.04789895, 0.9978358], [0.04539467, -0.04785595, 0.9978222], [0.04583545, -0.04841651, 0.997775], [0.04659703, -0.04828116, 0.9977463], [0.04723178, -0.04800899, 0.9977296], [0.04701803, -0.04764657, 0.997757], [0.04622415, -0.04710049, 0.9978201], [0.04605658, -0.04711762, 0.997827], [0.04613332, -0.04723465, 0.9978179], [0.04649356, -0.04746361, 0.9977903], [0.04705122, -0.04740112, 0.9977672], [0.04735332, -0.04683322, 0.9977797], [0.04720056, -0.04663237, 0.9977964], [0.04681649, -0.04627332, 0.9978312], [0.04685742, -0.04631044, 0.9978275], [0.04660635, -0.04648206, 0.9978313], [0.04649936, -0.04682896, 0.9978201], [0.04677559, -0.04674933, 0.9978109], [0.04690515, -0.04656608, 0.9978133], [0.04684973, -0.04630891, 0.9978279], [0.04703387, -0.04646274, 0.9978121], [0.04714903, -0.04647263, 0.9978063], [0.0469536, -0.04700016, 0.9977908], [0.04684673, -0.04719404, 0.9977866], [0.04661296, -0.04706052, 0.9978039], [0.04617231, -0.04671361, 0.9978406], [0.04606235, -0.04626942, 0.9978665], [0.04625629, -0.04652726, 0.9978455], [0.04657064, -0.04671985, 0.9978219], [0.04687449, -0.04680298, 0.9978037], [0.04687567, -0.04673181, 0.997807], [0.04658905, -0.04635943, 0.9978378], [0.04623007, -0.04609643, 0.9978667], [0.04624498, -0.04603878, 0.9978687], [0.04632662, -0.04618071, 0.9978583], [0.04617992, -0.04636554, 0.9978566], [0.04586505, -0.0464442, 0.9978674], [0.04552008, -0.04629084, 0.9978903], [0.04501407, -0.04654542, 0.9979014], [0.0452449, -0.04655111, 0.9978907], [0.04557824, -0.04640721, 0.9978822], [0.0456342, -0.046289, 0.9978852], [0.04558437, -0.04598577, 0.9979015], [0.04470113, -0.04531902, 0.997972]],